,NA/Protein Res Name,NA/Protein Res Number,NA/Protein Chain,ASA of NA/Protein Res - BOUND (Å²),ASA of NA/Protein Res - UNBOUND (Å²),BSA of NA/Protein Res (Å²),BSA of NA/Protein Res (%)
0,A,2469,a,100.95,158.37,57.42,36.25
1,G,2470,a,119.89,164.27,44.38,27.01
2,A,2471,a,113.09,167.53,54.44,32.5
3,G,2472,a,231.16,256.42,25.26,9.85
4,A,2478,a,134.79,165.84,31.05,18.73
5,U,2479,a,90.68,129.19,38.51,29.81
6,C,2480,a,106.38,159.57,53.19,33.33
7,G,2481,a,224.3,236.73,12.43,5.25
8,A,2482,a,285.53,308.98,23.45,7.59
9,G,2529,a,231.45,259.72,28.27,10.89
10,A,2530,a,295.04,313.39,18.35,5.86
11,A,2534,a,297.08,318.04,20.96,6.59
12,G,2535,a,156.16,203.31,47.15,23.19
13,G,2536,a,261.27,296.12,34.85,11.77
14,GLU,47,l,147.16,149.07,1.91,1.28
15,ARG,50,l,152.44,178.15,25.71,14.43
16,ARG,51,l,107.66,167.31,59.65,35.65
17,THR,54,l,83.42,86.03,2.61,3.03
18,ARG,55,l,122.08,152.69,30.61,20.05
19,ARG,59,l,254.29,287.16,32.87,11.45
